{
  "k_centers": [
    0.027206990463513263,
    0.08162097139053978,
    0.1360349523175663,
    0.19044893324459283,
    0.24486291417161937,
    0.29927689509864586,
    0.3536908760256724,
    0.40810485695269894,
    0.4625188378797255,
    0.516932818806752,
    0.5713467997337786,
    0.625760780660805,
    0.6801747615878315,
    0.7345887425148581,
    0.7890027234418846,
    0.8434167043689111,
    0.8978306852959377,
    0.9522446662229642,
    1.0066586471499908,
    1.0610726280770173,
    1.1154866090040438,
    1.1699005899310704,
    1.224314570858097,
    1.2787285517851235,
    1.3331425327121498,
    1.3875565136391763,
    1.4419704945662029,
    1.4963844754932294,
    1.550798456420256,
    1.6052124373472825,
    1.659626418274309,
    1.7140403992013356,
    1.768454380128362,
    1.8228683610553886,
    1.8772823419824152,
    1.9316963229094417,
    1.9861103038364682,
    2.040524284763495,
    2.094938265690521,
    2.149352246617548,
    2.203766227544574,
    2.258180208471601,
    2.3125941893986273,
    2.3670081703256542,
    2.4214221512526803,
    2.4758361321797073,
    2.5302501131067334,
    2.58466409403376,
    2.6390780749607865,
    2.6934920558878126,
    2.7479060368148396,
    2.8023200177418657,
    2.8567339986688927,
    2.9111479795959188,
    2.9655619605229457,
    3.019975941449972,
    3.074389922376999,
    3.128803903304025,
    3.183217884231052,
    3.237631865158078,
    3.292045846085105,
    3.346459827012131,
    3.400873807939158,
    3.455287788866184,
    3.509701769793211,
    3.5641157507202372,
    3.618529731647264,
    3.6729437125742903,
    3.7273576935013173,
    3.7817716744283434,
    3.8361856553553704,
    3.8905996362823965,
    3.9450136172094235,
    3.9994275981364495,
    4.0538415790634765,
    4.108255559990503,
    4.162669540917529,
    4.217083521844556,
    4.271497502771583,
    4.325911483698609
  ],
  "P_k": [
    5832.4076512029205,
    4035.363204154363,
    1789.1011813434086,
    546.0733159894288,
    119.87548632024821,
    17.94638813411763,
    1.6125694081087494,
    0.11224924656568921,
    0.005596427880541455,
    0.0001669566855726252,
    4.04586957903173e-06,
    5.779301098880009e-08,
    5.313775676463683e-10,
    3.853782134791126e-12,
    1.6304454273112257e-14,
    5.092427184974366e-17,
    9.755739684290226e-20,
    1.382448400169493e-22,
    1.1987138280556597e-25,
    7.704157331407946e-29,
    1.5338326471321687e-31,
    1.3802552016029264e-31,
    1.3364383860990529e-31,
    1.522996652617258e-31,
    1.2394481849694576e-31,
    1.074577738553868e-31,
    1.1044601075887474e-31,
    6.338437235382806e-32,
    8.623522422745621e-32,
    6.849075385097108e-32,
    5.41263689954783e-32,
    6.58464118932875e-32,
    5.652283314715249e-32,
    7.486305217626466e-32,
    6.012399887912185e-32,
    7.161894320835757e-32,
    8.059595222865328e-32,
    4.494467469601403e-32,
    5.269470577877398e-32,
    5.154685195534372e-32,
    3.6093440670560245e-32,
    4.746546526715186e-32,
    4.7896851246747663e-32,
    4.419961896989112e-32,
    1.2515465424488498e-31,
    1.3695233574462569e-31,
    5.428020656389876e-32,
    3.190082086712549e-32,
    2.9956838219136727e-32,
    2.7765121742678095e-32,
    2.819005764018414e-32,
    2.759096046627808e-32,
    2.7940362568167565e-32,
    2.69404213899389e-32,
    2.616107084945115e-32,
    2.601517280051076e-32,
    2.727641241112517e-32,
    2.887850915709311e-32,
    2.940110484747143e-32,
    2.898493484354541e-32,
    2.80928563931045e-32,
    2.962382996421866e-32,
    3.2801871708606606e-32,
    3.969958616405284e-32,
    4.184401755565223e-32,
    3.13705038359978e-32,
    2.5573200655813386e-32,
    2.4293222775114783e-32,
    2.888555506402323e-32,
    3.306330117073361e-32,
    3.5384498138888907e-32,
    3.686485788443708e-32,
    2.980193951115405e-32,
    2.9560965788504163e-32,
    3.4100977987686536e-32,
    4.481380282186146e-32,
    7.353193785317487e-32,
    1.3857603027410587e-31,
    2.317907386237075e-31,
    2.7108806867277646e-31
  ],
  "k_fit": [
    0.027206990463513263,
    0.08162097139053978,
    0.1360349523175663,
    0.19044893324459283,
    0.24486291417161937,
    0.29927689509864586,
    0.3536908760256724,
    0.40810485695269894,
    0.4625188378797255,
    0.516932818806752,
    0.5713467997337786,
    0.625760780660805,
    0.6801747615878315,
    0.7345887425148581,
    0.7890027234418846,
    0.8434167043689111,
    0.8978306852959377,
    0.9522446662229642,
    1.0066586471499908,
    1.0610726280770173,
    1.1154866090040438,
    1.1699005899310704,
    1.224314570858097,
    1.2787285517851235,
    1.3331425327121498,
    1.3875565136391763,
    1.4419704945662029,
    1.4963844754932294,
    1.550798456420256,
    1.6052124373472825,
    1.659626418274309,
    1.7140403992013356,
    1.768454380128362,
    1.8228683610553886,
    1.8772823419824152,
    1.9316963229094417,
    1.9861103038364682,
    2.040524284763495,
    2.094938265690521,
    2.149352246617548,
    2.203766227544574,
    2.258180208471601,
    2.3125941893986273,
    2.3670081703256542,
    2.4214221512526803,
    2.4758361321797073,
    2.5302501131067334,
    2.58466409403376,
    2.6390780749607865,
    2.6934920558878126,
    2.7479060368148396,
    2.8023200177418657,
    2.8567339986688927,
    2.9111479795959188,
    2.9655619605229457,
    3.019975941449972,
    3.074389922376999,
    3.128803903304025,
    3.183217884231052,
    3.237631865158078,
    3.292045846085105,
    3.346459827012131,
    3.400873807939158,
    3.455287788866184,
    3.509701769793211,
    3.5641157507202372,
    3.618529731647264,
    3.6729437125742903,
    3.7273576935013173,
    3.7817716744283434,
    3.8361856553553704,
    3.8905996362823965,
    3.9450136172094235,
    3.9994275981364495,
    4.0538415790634765,
    4.108255559990503,
    4.162669540917529,
    4.217083521844556,
    4.271497502771583,
    4.325911483698609
  ],