{
  "k_centers": [
    0.036275987284684355,
    0.10882796185405307,
    0.18137993642342176,
    0.2539319109927905,
    0.3264838855621592,
    0.3990358601315279,
    0.4715878347008966,
    0.5441398092702654,
    0.616691783839634,
    0.6892437584090028,
    0.7617957329783714,
    0.8343477075477401,
    0.9068996821171089,
    0.9794516566864776,
    1.0520036312558463,
    1.1245556058252149,
    1.1971075803945839,
    1.2696595549639524,
    1.342211529533321,
    1.4147635041026898,
    1.4873154786720586,
    1.5598674532414272,
    1.632419427810796,
    1.7049714023801648,
    1.7775233769495333,
    1.8500753515189021,
    1.922627326088271,
    1.9951793006576395,
    2.0677312752270085,
    2.1402832497963766,
    2.2128352243657456,
    2.2853871989351147,
    2.357939173504483,
    2.430491148073852,
    2.503043122643221,
    2.575595097212589,
    2.648147071781958,
    2.720699046351327,
    2.793251020920695,
    2.865802995490064,
    2.9383549700594327,
    3.0109069446288013,
    3.0834589191981703,
    3.156010893767539,
    3.2285628683369074,
    3.3011148429062764,
    3.373666817475645,
    3.4462187920450136,
    3.5187707666143826,
    3.591322741183751,
    3.6638747157531197,
    3.7364266903224888,
    3.8089786648918573,
    3.881530639461226,
    3.954082614030595,
    4.026634588599963,
    4.099186563169332,
    4.171738537738701,
    4.244290512308069,
    4.316842486877438
  ],
  "P_k": [
    5200.331207790103,
    2653.195680340812,
    689.9754329773542,
    86.08770205445302,
    6.160429437508615,
    0.24304331202519963,
    0.004307745198211794,
    3.8777959786443754e-05,
    1.7266883207412904e-07,
    3.7787670709207237e-10,
    4.340832983875341e-13,
    2.4486620725386895e-16,
    7.343485526050099e-20,
    1.185147117371171e-23,
    6.876443291443264e-28,
    1.4818003280783375e-31,
    1.546815369362853e-31,
    1.3167912521926656e-31,
    1.263574186524762e-31,
    9.058943488575041e-32,
    8.576163808512435e-32,
    7.507775005491679e-32,
    7.362307204141613e-32,
    5.716464050767242e-32,
    6.757534890215664e-32,
    6.166653825411621e-32,
    6.871920863347358e-32,
    6.818349162692243e-32,
    5.212321090860958e-32,
    5.153665178198629e-32,
    4.499670834203903e-32,
    4.3747911470831356e-32,
    4.3515943781688756e-32,
    1.0052921476021311e-31,
    1.2660525916232793e-31,
    3.2436785311250175e-32,
    2.9444933678357344e-32,
    2.8007755421125654e-32,
    2.767268388298288e-32,
    2.7757972514333564e-32,
    2.6568995805864936e-32,
    2.5970618249871127e-32,
    2.8095568097411935e-32,
    2.8782332488842656e-32,
    2.896046799856834e-32,
    2.8914939901533235e-32,
    2.8728890441556703e-32,
    4.004038417937697e-32,
    4.0145619868770603e-32,
    2.780241180758282e-32,
    2.4520975498822485e-32,
    2.9380042708819634e-32,
    3.48161844100682e-32,
    3.638832377344582e-32,
    3.0133779145864325e-32,
    3.0255054085040866e-32,
    4.38664879076332e-32,
    8.284151214372232e-32,
    1.7360711436930403e-31,
    2.546117425233678e-31
  ],
  "P_plus": 0.42598886960472965,
  "P_minus": 0.41933279351715563,
  "hemispherical_asymmetry": 0.007874015748031631,
  "figures": {
    "power_spectrum": "article4_fig1_power_spectrum.png",
    "lowk_zoom": "article4_fig2_lowk_zoom.png",
    "hemisphere_power": "article4_fig3_hemisphere_power.png"
  }
}