{
  "sigma0": 0.00190642767773082,
  "M_array": [
    100000000.0,
    126638017.34674022,
    160371874.37513277,
    203091762.0904739,
    257191380.9059347,
    325702065.5659783,
    412462638.2901348,
    522334507.42668325,
    661474064.1230159,
    837677640.0682924,
    1060818355.1394483,
    1343399332.5988986,
    1701254279.8525858,
    2154434690.0318866,
    2728333376.4867697,
    3455107294.5922184,
    4375479375.07418,
    5541020330.009503,
    7017038286.703836,
    8886238162.743408,
    11253355826.007645,
    14251026703.029963,
    18047217668.271664,
    22854638641.34993,
    28942661247.16752,
    36652412370.79626,
    46415888336.12772,
    58780160722.74924,
    74438030132.51697,
    94266845511.78854,
    119377664171.44357,
    151177507061.566,
    191448197616.99536,
    242446201708.23306,
    307029062975.785,
    388815518030.80853,
    492388263170.67316,
    623550734127.3925,
    789652286849.9733,
    1000000000000.0
  ],
  "z_array": [
    6.0,
    8.0,
    10.0,
    12.0,
    14.0
  ],
  "n_M_z": [
    [
      6.315891759379899e-06,
      5.557419045813325e-06,
      4.9008153614250605e-06,
      4.310125464555154e-06,
      3.7679700050029596e-06
    ],
    [
      4.431885429024601e-06,
      3.899662221972921e-06,
      3.4389209027185944e-06,
      3.0244315405280673e-06,
      2.6439989788257414e-06
    ],
    [
      3.1098709737750484e-06,
      2.736407911679654e-06,
      2.41310396393225e-06,
      2.1222551915400112e-06,
      1.8553042064426072e-06
    ],
    [
      2.1822083689688324e-06,
      1.9201479084295306e-06,
      1.6932842904709289e-06,
      1.4891945933192154e-06,
      1.3018740650090377e-06
    ],
    [
      1.5312639674619833e-06,
      1.3473751389584312e-06,
      1.188184069650865e-06,
      1.0449735477673284e-06,
      9.135300158635179e-07
    ],
    [
      1.0744937886730754e-06,
      9.454582936624213e-07,
      8.337533108391697e-07,
      7.332619393276086e-07,
      6.410275097367467e-07
    ],
    [
      7.53976405394443e-07,
      6.634317045110888e-07,
      5.850478903824538e-07,
      5.145327102444534e-07,
      4.498114578653168e-07
    ],
    [
      5.290681303924141e-07,
      4.655325671167498e-07,
      4.105303446368989e-07,
      3.6104957275468217e-07,
      3.156344221638998e-07
    ],
    [
      3.7124913272383647e-07,
      3.2666598471657366e-07,
      2.880707146170823e-07,
      2.5334986754176515e-07,
      2.2148188249257133e-07
    ],
    [
      2.6050693782287546e-07,
      2.2922277217200074e-07,
      2.0214032337462006e-07,
      1.7777657204719114e-07,
      1.5541468492616132e-07
    ],
    [
      1.8279871566550923e-07,
      1.60846496851532e-07,
      1.4184263884064033e-07,
      1.247465012534103e-07,
      1.0905507944428873e-07
    ],
    [
      1.2827055865851672e-07,
      1.1286660266893883e-07,
      9.953152274318781e-08,
      8.753509754275287e-08,
      7.652436678201029e-08
    ],
    [
      9.000794211637019e-08,
      7.919892722181329e-08,
      6.984165058228823e-08,
      6.142371308878516e-08,
      5.3697441157513326e-08
    ],
    [
      6.315891759379885e-08,
      5.557419045813313e-08,
      4.900815361425049e-08,
      4.310125464555144e-08,
      3.767970005002951e-08
    ],
    [
      4.431885429024591e-08,
      3.899662221972912e-08,
      3.4389209027185875e-08,
      3.024431540528061e-08,
      2.6439989788257358e-08
    ],
    [
      3.109870973775042e-08,
      2.7364079116796484e-08,
      2.4131039639322448e-08,
      2.122255191540007e-08,
      1.8553042064426035e-08
    ],
    [
      2.182208368968842e-08,
      1.9201479084295387e-08,
      1.6932842904709362e-08,
      1.489194593319222e-08,
      1.3018740650090432e-08
    ],
    [
      1.53126396746198e-08,
      1.3473751389584281e-08,
      1.1881840696508625e-08,
      1.0449735477673263e-08,
      9.13530015863516e-09
    ],
    [
      1.0744937886730732e-08,
      9.454582936624193e-09,
      8.337533108391681e-09,
      7.332619393276069e-09,
      6.410275097367455e-09
    ],
    [
      7.539764053944414e-09,
      6.634317045110874e-09,
      5.850478903824526e-09,
      5.145327102444523e-09,
      4.4981145786531585e-09
    ],
    [
      5.290681303924129e-09,
      4.655325671167488e-09,
      4.10530344636898e-09,
      3.6104957275468136e-09,
      3.156344221638991e-09
    ],
    [
      3.7124913272383796e-09,
      3.26665984716575e-09,
      2.8807071461708345e-09,
      2.5334986754176617e-09,
      2.214818824925722e-09
    ],
    [
      2.6050693782287653e-09,
      2.2922277217200173e-09,
      2.021403233746209e-09,
      1.7777657204719189e-09,
      1.5541468492616196e-09
    ],
    [
      1.8279871566550892e-09,
      1.608464968515317e-09,
      1.4184263884064009e-09,
      1.2474650125341008e-09,
      1.0905507944428854e-09
    ],
    [
      1.2827055865851641e-09,
      1.1286660266893859e-09,
      9.95315227431876e-10,
      8.753509754275265e-10,
      7.652436678201011e-10
    ],
    [
      9.000794211637005e-10,
      7.919892722181318e-10,
      6.984165058228813e-10,
      6.142371308878506e-10,
      5.369744115751324e-10
    ],
    [
      6.315891759379912e-10,
      5.557419045813337e-10,
      4.90081536142507e-10,
      4.3101254645551627e-10,
      3.767970005002968e-10
    ],
    [
      4.4318854290245833e-10,
      3.899662221972905e-10,
      3.4389209027185807e-10,
      3.024431540528055e-10,
      2.643998978825731e-10
    ],
    [
      3.109870973775035e-10,
      2.7364079116796424e-10,
      2.41310396393224e-10,
      2.1222551915400028e-10,
      1.8553042064426e-10
    ],
    [
      2.182208368968837e-10,
      1.9201479084295345e-10,
      1.6932842904709324e-10,
      1.4891945933192185e-10,
      1.3018740650090403e-10
    ],
    [
      1.531263967461986e-10,
      1.3473751389584335e-10,
      1.1881840696508672e-10,
      1.0449735477673306e-10,
      9.135300158635195e-11
    ],
    [
      1.0744937886730773e-10,
      9.454582936624228e-11,
      8.337533108391712e-11,
      7.332619393276098e-11,
      6.410275097367479e-11
    ],
    [
      7.539764053944445e-11,
      6.634317045110902e-11,
      5.850478903824551e-11,
      5.145327102444545e-11,
      4.498114578653177e-11
    ],
    [
      5.2906813039241187e-11,
      4.655325671167478e-11,
      4.105303446368972e-11,
      3.6104957275468064e-11,
      3.156344221638985e-11
    ],
    [
      3.712491327238372e-11,
      3.266659847165744e-11,
      2.8807071461708286e-11,
      2.5334986754176567e-11,
      2.214818824925718e-11
    ],
    [
      2.6050693782287597e-11,
      2.2922277217200125e-11,
      2.0214032337462052e-11,
      1.7777657204719153e-11,
      1.5541468492616163e-11
    ],
    [
      1.8279871566550965e-11,
      1.6084649685153232e-11,
      1.4184263884064064e-11,
      1.2474650125341059e-11,
      1.0905507944428897e-11
    ],
    [
      1.282705586585162e-11,
      1.128666026689384e-11,
      9.953152274318742e-12,
      8.75350975427525e-12,
      7.652436678200998e-12
    ],
    [
      9.000794211636985e-12,
      7.9198927221813e-12,
      6.984165058228797e-12,
      6.142371308878492e-12,
      5.369744115751312e-12
    ],
    [
      6.3158917593799e-12,
      5.557419045813325e-12,
      4.90081536142506e-12,
      4.310125464555154e-12,
      3.767970005002959e-12
    ]
  ],
  "enhancement": [
    1.1508305115997601,
    1.2368263543241111,
    1.3321797341594688,
    1.4310120493987286,
    1.5279871839359729
  ],
  "k_effective": [
    0.07,
    0.09,
    0.11000000000000001,
    0.13,
    0.15
  ],