{
  "r_centers": [
    1.1547005383792517,
    3.4641016151377553,
    5.773502691896258,
    8.082903768654763,
    10.392304845413264,
    12.701705922171769,
    15.011106998930272,
    17.320508075688775,
    19.62990915244728,
    21.93931022920578,
    24.248711305964285,
    26.55811238272279,
    28.867513459481295,
    31.176914536239792,
    33.4863156129983,
    35.7957166897568,
    38.105117766515306,
    40.41451884327381,
    42.723919920032316,
    45.03332099679081,
    47.34272207354932,
    49.65212315030782,
    51.96152422706633,
    54.27092530382483,
    56.58032638058333,
    58.889727457341834,
    61.19912853410034,
    63.508529610858844,
    65.81793068761735,
    68.12733176437584,
    70.43673284113436,
    72.74613391789285,
    75.05553499465137,
    77.36493607140986,
    79.67433714816838,
    81.98373822492687,
    84.29313930168539,
    86.60254037844388,
    88.91194145520237,
    91.22134253196089,
    93.53074360871938,
    95.8401446854779,
    98.14954576223639,
    100.4589468389949,
    102.7683479157534,
    105.07774899251191,
    107.3871500692704,
    109.69655114602892,
    112.00595222278741,
    114.3153532995459,
    116.62475437630442,
    118.93415545306291,
    121.24355652982143,
    123.55295760657992,
    125.86235868333844,
    128.17175976009693,
    130.48116083685545,
    132.79056191361394,
    135.09996299037243,
    137.40936406713095
  ],
  "xi_r": [
    -1.4593169690865517e-17,
    -1.3357105254142286e-17,
    -1.1719418259254637e-17,
    -1.1355061704853403e-17,
    -1.1521523472902879e-17,
    -1.1767045968477272e-17,
    -1.2066481654620033e-17,
    -1.141161059578573e-17,
    -1.0312682234092073e-17,
    -9.01722770136551e-18,
    -7.624567120356532e-18,
    -6.292867340295632e-18,
    -4.914442556244976e-18,
    -3.606812948371484e-18,
    -2.5844538500313482e-18,
    -1.20237504709957e-18,
    1.6511713078556213e-18,
    1.1482237552110047e-17,
    5.873541871711889e-17,
    2.7981850718637804e-16,
    1.3466095144019877e-15,
    6.161482342080491e-15,
    2.6618810368342268e-14,
    1.0789618285759984e-13,
    4.3434331152618813e-13,
    1.7323201281364313e-12,
    6.408820012837479e-12,
    2.3318511625310816e-11,
    7.770709453312917e-11,
    2.5362221310003494e-10,
    8.365716127756831e-10,
    2.625657875342177e-09,
    7.686114702156412e-09,
    2.1421634296958095e-08,
    5.768027462121311e-08,
    1.692299434100066e-07,
    4.6608597153605894e-07,
    1.2477572275947024e-06,
    3.136594857814874e-06,
    7.781316373964565e-06,
    1.9384298780282554e-05,
    4.527809802130189e-05,
    0.00010198400278087077,
    0.0002231564065124642,
    0.0004603301751022572,
    0.0010149228277331977,
    0.0020346715135385676,
    0.004057164895684643,
    0.008091071070775098,
    0.01612053156338508,
    0.030750008450243983,
    0.05255234152077392,
    0.08628190701811016,
    0.13254208101028203,
    0.19161003844915875,
    0.27082342329421044,
    0.34316139865830614,
    0.415584312715075,
    0.4696796602795251,
    0.500001463425361
  ],
  "figures": {
    "correlation_radial": "article6_fig1_correlation_radial.png",
    "tail_zoom": "article6_fig2_tail_zoom.png",
    "correlation_slice": "article6_fig3_correlation_slice.png"
  }
}