{
  "n_steps": 16,
  "E_min": 1.5532231479217787e-06,
  "E_max": 0.00015043053826357432,
  "E_final": 1.5532231479217787e-06
}